{"train_loss": [0.18821331470633468, 0.1466994663825431, 0.12091584796437059, 0.09523512406375842, 0.07333027007290349, 0.05951104586878524, 0.048704227069601085], "val_loss": [0.15757057614742764, 0.14985259232066928, 0.16191770845935458, 0.16517174149316455, 0.19224432276354897, 0.20615005706037795, 0.2205706030603439], "val_accuracy": [0.94034, 0.94186, 0.94106, 0.94238, 0.939, 0.93868, 0.94078]}