{"train_loss": [0.565786570786668, 0.4048730650553688, 0.18199151453261558, 0.0656342508268361, 0.03501353522215169, 0.029042524961790387, 0.020360142619091685], "val_loss": [0.4776466488838196, 0.4481748044490814, 0.6106942445039749, 0.6343125700950623, 0.8479759097099304, 0.601826399564743, 0.7948673069477081], "val_accuracy": [0.78125, 0.765625, 0.796875, 0.828125, 0.765625, 0.828125, 0.765625]}