{"train_loss": [0.7230026721954346, 0.5560462027788162, 0.31072668731212616], "val_loss": [0.2785393074154854, 0.26948338747024536, 0.25986465252935886], "val_accuracy": [0.91238, 0.89028, 0.9141]}