{"train_loss": [0.6523268818855286, 0.5962642133235931, 0.49296703934669495, 0.42266176640987396, 0.33192186057567596, 0.2978973686695099, 0.235779270529747, 0.21074965596199036, 0.16717658191919327, 0.14806830137968063, 0.13476312905550003, 0.12106955051422119, 0.13051675260066986, 0.11057278141379356, 0.12982401251792908, 0.12815388292074203, 0.13104747980833054, 0.11397901177406311, 0.11097168177366257, 0.10800499096512794, 0.10736305266618729, 0.12758959457278252, 0.10997862368822098, 0.10479844361543655, 0.1023867316544056, 0.11276233196258545, 0.11333339661359787, 0.1146213598549366, 0.12065421417355537, 0.09157993644475937, 0.1121489480137825, 0.11462382227182388, 0.11102592945098877, 0.10511429235339165, 0.100883599370718, 0.1020563580095768, 0.12043281272053719, 0.12502432614564896, 0.12196888029575348, 0.10519851371645927, 0.1452823281288147, 0.12741117924451828, 0.09976446628570557, 0.12221995368599892, 0.1102861650288105, 0.10028620436787605, 0.10095920413732529, 0.10265113413333893, 0.11228438839316368, 0.11040706187486649], "val_loss": [0.7146268784999847, 0.6673018336296082, 0.6574758291244507, 0.66216641664505, 0.6943154036998749, 0.7051908075809479, 0.7073061168193817, 0.7214815318584442, 0.7249971330165863, 0.7316480278968811, 0.7431089282035828, 0.754097193479538, 0.7693395018577576, 0.7886348962783813, 0.7970166504383087, 0.8018836379051208, 0.7991487383842468, 0.7976574301719666, 0.7977287173271179, 0.7982183396816254, 0.7990359663963318, 0.8019455075263977, 0.8012754917144775, 0.8009479939937592, 0.8030312657356262, 0.8027918338775635, 0.8004591763019562, 0.8030921220779419, 0.804181694984436, 0.8025407195091248, 0.8028806447982788, 0.8012146055698395, 0.8015676140785217, 0.8006458878517151, 0.7998092174530029, 0.7995653748512268, 0.8000516593456268, 0.7996733784675598, 0.7974688410758972, 0.7992622256278992, 0.7977840900421143, 0.7925376892089844, 0.7942066192626953, 0.7929672598838806, 0.7934645414352417, 0.7960916459560394, 0.7970113158226013, 0.7985137104988098, 0.7960627675056458, 0.7970657348632812], "val_accuracy": [0.59375, 0.59375, 0.65625, 0.6875, 0.671875, 0.6875, 0.625, 0.65625, 0.671875, 0.65625, 0.671875, 0.65625, 0.65625, 0.65625, 0.65625, 0.6875, 0.6875, 0.71875, 0.71875, 0.703125, 0.6875, 0.703125, 0.703125, 0.703125, 0.703125, 0.703125, 0.703125, 0.703125, 0.703125, 0.703125, 0.703125, 0.71875, 0.71875, 0.71875, 0.71875, 0.71875, 0.71875, 0.71875, 0.71875, 0.71875, 0.71875, 0.703125, 0.703125, 0.71875, 0.71875, 0.71875, 0.71875, 0.71875, 0.71875, 0.71875]}