{"train_loss": [0.2094720882443955, 0.17909741715882152, 0.17135540012734385, 0.16606772034027326, 0.16252573481954324], "val_loss": [0.17864493789180877, 0.1720988130758679, 0.16851566519056047, 0.16801110501327213, 0.1651569659274722], "val_accuracy": [0.93058, 0.932, 0.9336, 0.93418, 0.93456]}