{"train_loss": [0.19287647611607378, 0.16957177719273886, 0.1544251932313267, 0.13789870589971542, 0.12311604873726543, 0.10714207719356869, 0.09475192205069925, 0.08344437647313356], "val_loss": [0.18254076914181785, 0.18858310793127334, 0.1641538483755929, 0.18555118048947955, 0.17640670448068588, 0.17725210885206857, 0.20254298500598422, 0.22230089964374664], "val_accuracy": [0.93416, 0.93642, 0.93668, 0.93644, 0.93804, 0.93792, 0.937, 0.93606]}