{"train_loss": [0.20041970199289413, 0.17576418607570113, 0.16843956423262818, 0.1630019557218963, 0.15903926914492353], "val_loss": [0.17661018149247246, 0.17091920427859775, 0.16765193168133025, 0.1652754227083827, 0.16479854179280146], "val_accuracy": [0.93044, 0.93138, 0.93366, 0.93442, 0.93496]}