{"train_loss": [0.5811553001403809, 0.30215464532375336, 0.23130901530385017, 0.20901773124933243, 0.19151797518134117], "val_loss": [0.2576608946546912, 0.22850758209824562, 0.2414420209825039, 0.20793753676116467, 0.2011565724387765], "val_accuracy": [0.8968, 0.91424, 0.91548, 0.91984, 0.92332]}