{"train_loss": [0.20953734585652337, 0.17977671615612772, 0.17122195960995487, 0.16593913857738812, 0.16209666302409798, 0.15901764841696706, 0.15480247208961664, 0.15178695723366814, 0.14889903376087213, 0.1462716619713238, 0.14387105667172148, 0.14090163524920185, 0.13784812781186148, 0.13581129149221383, 0.13318355640949914, 0.13074345015489255, 0.12901445416311105], "val_loss": [0.18172283707157014, 0.17150296696594783, 0.1691450488472742, 0.16728027188588704, 0.16634180030179402, 0.1665776109411603, 0.16488116340977804, 0.165391815796731, 0.16431052486101785, 0.16623456042910378, 0.16410455332388954, 0.16347719598857183, 0.1646694653327503, 0.1649500880213011, 0.16585944167205266, 0.1658513123790423, 0.16791219488968925], "val_accuracy": [0.92976, 0.93218, 0.93306, 0.93404, 0.9335, 0.93422, 0.9345, 0.93476, 0.93466, 0.93474, 0.93508, 0.93516, 0.93508, 0.93648, 0.9353, 0.93554, 0.93542]}