{"train_loss": [0.693582147359848, 0.4965982437133789, 0.2963494807481766, 0.2988849878311157, 0.2521834447979927], "val_loss": [0.27066507190465927, 0.26078007742762566, 0.23690482787787914, 0.23328247666358948, 0.24342012032866478], "val_accuracy": [0.88244, 0.89672, 0.91446, 0.91602, 0.91294]}