{"train_loss": [0.5341420007018617, 0.4161821746597656, 0.24972850593705528, 0.12566337068550312, 0.08490511156565037, 0.0480161340209468], "val_loss": [0.5001106262207031, 0.5493543446063995, 0.6454656422138214, 0.8381029367446899, 1.0835932195186615, 0.9984291791915894], "val_accuracy": [0.765625, 0.796875, 0.734375, 0.703125, 0.765625, 0.71875]}