{"train_loss": [0.21665363166088494, 0.20533944347415106, 0.19877905172471422, 0.1936393165931153, 0.19020679421699085, 0.18774583745307435, 0.18651221759212663, 0.18650336539783416, 0.18650591421051146, 0.1853424839604015, 0.1845491331415816, 0.183881900895137, 0.18354851155044932, 0.1832037903249454, 0.18190312561706995, 0.18215535957211504, 0.1811930443436955], "val_loss": [0.18458376351803069, 0.18919185797373453, 0.18774288206819503, 0.18232923012877267, 0.18536429485631367, 0.18233037515292091, 0.1812180197901196, 0.18189115633094122, 0.18010249166261583, 0.1815114678844573, 0.18048674293926784, 0.1800247421340337, 0.1801146481718336, 0.181802622382603, 0.18150407383366238, 0.1815233254243457, 0.18176195120054578], "val_accuracy": [0.92758, 0.92518, 0.9254, 0.92802, 0.92604, 0.928, 0.92928, 0.92716, 0.92678, 0.92816, 0.92822, 0.9273, 0.92786, 0.9283, 0.92816, 0.92664, 0.92834]}