{"train_loss": [7.273417986929417, 8.1953125, 8.1953125, 8.1953125, 8.1953125], "val_loss": [8.587890625, 8.587890625, 8.587890625, 8.587890625, 8.587890625], "val_accuracy": [0.9141, 0.9141, 0.9141, 0.9141, 0.9141]}