{"train_loss": [0.2245579512831502, 0.16301928705776841, 0.13659968343786538, 0.10907736903847978, 0.08412162358530413, 0.06471936021464321, 0.05126157319083953, 0.042343353340848565], "val_loss": [0.16936775261447543, 0.1588860461636195, 0.15648086889395638, 0.16334418786896598, 0.17972813629441792, 0.1925741152630912, 0.20643415810569885, 0.2173620755710299], "val_accuracy": [0.93376, 0.93888, 0.94108, 0.94008, 0.93946, 0.93844, 0.93772, 0.93684]}