{"train_loss": [0.25763022514006584, 0.17914894589791283, 0.15906042662767556, 0.14102464662001918, 0.12121057410400135, 0.10169543025973506, 0.08397753376025742, 0.0679811767091195, 0.05537580665998375], "val_loss": [0.18180724339825766, 0.167846532568099, 0.16227540610328553, 0.16125416353581443, 0.1617814197190224, 0.16939965245269595, 0.17854198908048963, 0.19059324406442188, 0.20481121279890574], "val_accuracy": [0.92914, 0.93482, 0.9377, 0.93914, 0.93852, 0.93874, 0.93824, 0.9383, 0.93738]}