{"train_loss": [0.36374348122626543, 0.2036086656153202, 0.17992765922099352, 0.17609588708728552, 0.16910010017454624], "val_loss": [0.22154088294695293, 0.1965128644591286, 0.19597837045079186, 0.19385189905999198, 0.19765188296635947], "val_accuracy": [0.9143, 0.923, 0.92528, 0.92516, 0.92522]}