{"train_loss": [0.5756845604687834, 0.5400329304579348, 0.5204993056984374, 0.5013687943879027, 0.4898208411642538, 0.4749379614576364, 0.4599097673885358, 0.4432457629769755, 0.4032281273946214, 0.3840616255427321, 0.37285717717184425, 0.36133037507534027, 0.343994960569726, 0.33868762393728996, 0.3301891867821209, 0.3316571545391418, 0.31650178796186235, 0.31714840338062555, 0.31089971016961543, 0.3121485814880639, 0.310074156441818, 0.310652143515337, 0.3128640527923267, 0.3084578723810351, 0.3078379873364878, 0.3093021828621721, 0.3062182024549752, 0.30403410583829726, 0.30685535954019894, 0.3083866751803377, 0.30694963566411415, 0.30442606379239323, 0.3101426087105617, 0.30545335667677964, 0.30596523122570385, 0.3068873651397114, 0.30975922261373684, 0.30528680975444783, 0.3044716314005014, 0.3133449553491208, 0.31123082373088923, 0.3084109022784919, 0.3105149413830937, 0.30970551125919477, 0.3056235508130381, 0.307767027768845, 0.3086899993613886, 0.3052978454925382, 0.30689993481666517, 0.30903516931179614], "val_loss": [0.5947528183460236, 0.5488609969615936, 0.5255418717861176, 0.4796699434518814, 0.4986974149942398, 0.5068019479513168, 0.5550385117530823, 0.5021682530641556, 0.5324860215187073, 0.564895749092102, 0.5474835336208344, 0.5434515476226807, 0.5505971610546112, 0.5922102630138397, 0.5352069735527039, 0.5799117982387543, 0.5735067129135132, 0.5453999638557434, 0.5439075231552124, 0.5443547964096069, 0.5569453835487366, 0.5751973092556, 0.564961850643158, 0.5715772807598114, 0.5605520606040955, 0.5482097864151001, 0.5851797759532928, 0.5422230958938599, 0.5865406692028046, 0.5556618571281433, 0.5633020401000977, 0.5739776492118835, 0.5830690860748291, 0.5709192156791687, 0.5642924308776855, 0.569323867559433, 0.5749310553073883, 0.5766098499298096, 0.5453965663909912, 0.5695213973522186, 0.5632051229476929, 0.5646841824054718, 0.5427210628986359, 0.5706590414047241, 0.5735560953617096, 0.564421683549881, 0.5414041876792908, 0.5613304674625397, 0.5647424459457397, 0.5636045932769775], "val_accuracy": [0.609375, 0.671875, 0.71875, 0.75, 0.75, 0.75, 0.6875, 0.765625, 0.75, 0.734375, 0.75, 0.75, 0.765625, 0.703125, 0.75, 0.75, 0.78125, 0.796875, 0.765625, 0.796875, 0.796875, 0.78125, 0.75, 0.765625, 0.796875, 0.796875, 0.78125, 0.796875, 0.765625, 0.78125, 0.765625, 0.75, 0.734375, 0.765625, 0.765625, 0.75, 0.765625, 0.75, 0.765625, 0.765625, 0.8125, 0.765625, 0.765625, 0.78125, 0.78125, 0.765625, 0.8125, 0.765625, 0.8125, 0.75]}