{"train_loss": [0.2920552250295401, 0.21199816922410228, 0.20078378787246376, 0.1936093945377551, 0.18837843949611957], "val_loss": [0.21077189488070353, 0.19800168252180492, 0.1894551860907721, 0.18520818414196136, 0.18220051791932848], "val_accuracy": [0.9213, 0.92512, 0.92786, 0.92826, 0.9297]}