{"train_loss": [0.48792308007185453, 0.30737839829617036, 0.107258374044023, 0.040820068408238194, 0.0388258700973143, 0.01815419165401187, 0.006434923568543362, 0.0039481059609043495, 0.0037398511369432954, 0.002462890039134128, 0.0021197786980558533, 0.0018638922583385066, 0.0014851540926931843, 0.0008950443824376768, 0.0010917002075580887, 0.0015300265748027567, 0.0011820320842016604, 0.000777311103516381, 0.0007849816430649071, 0.0011404190954054704, 0.0009445597960280973, 0.0010833206841360983, 0.0010542689006846843, 0.001182432198362721, 0.0007526668169810555, 0.0004185659677771585, 0.0005523587191093768, 0.0010293004149764002, 0.0009805176079750416, 0.0007837551117369967, 0.0007566304499957192, 0.0007355315973634457, 0.0006842665175085154, 0.0014286877525208433, 0.0011645278959789744, 0.002330517603591019, 0.0006345508101829752, 0.0006956556669571036, 0.0009914017045667162, 0.0007867655982153201, 0.0006247495174714898, 0.0006446298017012574, 0.0011202531895484402, 0.0008108641184534849, 0.0009653788093330946, 0.0007553391622149939, 0.0006581406563515038, 0.0010291471242935906, 0.0009046876500146806, 0.0009904092450899286], "val_loss": [0.38735054433345795, 0.42179475724697113, 0.6216439008712769, 0.6297836899757385, 0.510838009417057, 0.4692922681570053, 0.5169040560722351, 0.6629872024059296, 0.7458538115024567, 0.5731063038110733, 0.6919075101613998, 0.6848254799842834, 0.7509863078594208, 0.7710870206356049, 0.722952201962471, 0.7254402041435242, 0.711413711309433, 0.7554997056722641, 0.7537132799625397, 0.7266754657030106, 0.7526356726884842, 0.762537956237793, 0.832432821393013, 0.7354980707168579, 0.7101843953132629, 0.6365824490785599, 0.6860097199678421, 0.7342535704374313, 0.6884617507457733, 0.7419719099998474, 0.8173374980688095, 0.7628360688686371, 0.7376922816038132, 0.7091924399137497, 0.7787005454301834, 0.8504627197980881, 0.7423022091388702, 0.7521482855081558, 0.6859510540962219, 0.7736307233572006, 0.7175933420658112, 0.7218140065670013, 0.7334093004465103, 0.8543654382228851, 0.7779354751110077, 0.7146856337785721, 0.7413151562213898, 0.774210974574089, 0.7103018909692764, 0.7062531560659409], "val_accuracy": [0.8125, 0.828125, 0.78125, 0.8125, 0.828125, 0.796875, 0.84375, 0.828125, 0.8125, 0.828125, 0.828125, 0.796875, 0.78125, 0.78125, 0.8125, 0.8125, 0.8125, 0.796875, 0.796875, 0.796875, 0.796875, 0.796875, 0.8125, 0.796875, 0.796875, 0.796875, 0.796875, 0.8125, 0.796875, 0.78125, 0.796875, 0.796875, 0.796875, 0.796875, 0.8125, 0.796875, 0.8125, 0.8125, 0.796875, 0.828125, 0.78125, 0.78125, 0.8125, 0.859375, 0.8125, 0.796875, 0.78125, 0.796875, 0.828125, 0.78125]}