{"train_loss": [0.5486102271765566, 0.35556815607479203, 0.10999589629423695, 0.061249070171528634, 0.03759864657580222, 0.028668000057827644, 0.019167403324440974, 0.011440472988426289, 0.006421438133287892, 0.005655337493463506, 0.004012173812232202, 0.0022219128023569707, 0.003058694323538594, 0.002519638242233305, 0.002143754609673583, 0.0017751205748634431, 0.0026548236265907603, 0.0019566993156773264, 0.0017125614491369822, 0.003339256081564524, 0.0024827894166331572, 0.0026453598385587293, 0.001577530967110194, 0.0019517039467123881, 0.0017945147814746492, 0.001868958288684027, 0.0016719306293063606, 0.0015422124914957372, 0.0011703522385173078, 0.0013248300340096169, 0.0010165478564967505, 0.0010159838722129193, 0.002242656424897314, 0.0023923928607363083, 0.0025044131378209726, 0.0035294576304260466, 0.001325774883891206, 0.002671955016125685, 0.0021562042033860308, 0.0016232220501542804, 0.0030485784684391743, 0.0022899398566989864, 0.002952264114716096, 0.001906631367585879, 0.001244728202465875, 0.0028241724375839576, 0.002394858857348246, 0.0013867159834187017, 0.0014985968512551285, 0.0018766774137475295], "val_loss": [0.46969348192214966, 0.4461619406938553, 0.6250742971897125, 0.6044860333204269, 0.6186071932315826, 0.8436647057533264, 0.7653657495975494, 0.8613161742687225, 0.9473056197166443, 0.8637477457523346, 0.8279045522212982, 0.9438563585281372, 0.9189920425415039, 0.9283652305603027, 1.0079512000083923, 0.9480522871017456, 0.9779761731624603, 0.9699466526508331, 0.9644321203231812, 0.9661814272403717, 0.997968465089798, 0.9022240936756134, 0.8886087834835052, 2.3440622091293335, 1.025305449962616, 0.9642213582992554, 1.006462424993515, 1.0165601968765259, 0.9873470962047577, 0.9405712187290192, 0.979192465543747, 0.9594972133636475, 1.0505514442920685, 1.0374143719673157, 0.9146179258823395, 2.353833258152008, 1.006133258342743, 0.9922177195549011, 2.2964559197425842, 2.260228395462036, 2.3689560890197754, 2.3332409262657166, 2.381340980529785, 0.9884752035140991, 0.9878732562065125, 0.9545791745185852, 2.3788411617279053, 0.9809167981147766, 0.9650611281394958, 1.0474460422992706], "val_accuracy": [0.765625, 0.78125, 0.84375, 0.8125, 0.859375, 0.78125, 0.859375, 0.828125, 0.828125, 0.84375, 0.84375, 0.828125, 0.828125, 0.828125, 0.828125, 0.84375, 0.84375, 0.8125, 0.828125, 0.84375, 0.8125, 0.828125, 0.84375, 0.828125, 0.828125, 0.828125, 0.84375, 0.8125, 0.828125, 0.84375, 0.828125, 0.84375, 0.84375, 0.796875, 0.859375, 0.8125, 0.796875, 0.859375, 0.84375, 0.84375, 0.8125, 0.796875, 0.796875, 0.8125, 0.84375, 0.84375, 0.796875, 0.828125, 0.828125, 0.796875]}