{"train_loss": [4.550493657588959, 8.1953125, 8.1953125, 8.1953125, 8.1953125], "val_loss": [8.591947078704834, 8.591947078704834, 8.591947078704834, 8.591947078704834, 8.591947078704834], "val_accuracy": [0.9141, 0.9141, 0.9141, 0.9141, 0.9141]}