{"train_loss": [0.4519892670214176, 0.2282614652067423, 0.1967222262173891, 0.17978535033762455, 0.16440570913255215], "val_loss": [0.236220333725214, 0.20672035310417414, 0.19906994188204408, 0.19526101648807526, 0.19174030981957912], "val_accuracy": [0.9122, 0.91982, 0.92214, 0.92406, 0.92632]}