{"train_loss": [0.605334202797649, 0.5549036687174544, 0.5375745059392704, 0.5269750082454743, 0.52017645542614, 0.5153681573966822, 0.5106338046419735, 0.5011699252996963, 0.4941182698304661, 0.4923917955864733, 0.4858894526196745, 0.47889228227039493, 0.4761498239093695, 0.4735612233225911, 0.46751126894554773, 0.46354579439940163, 0.4605702423630431, 0.4546456904457019, 0.45562618351972906, 0.4446892035178864, 0.44577742451296065, 0.43729520739077], "val_loss": [0.5746163427829742, 0.5518021285533905, 0.5407462120056152, 0.5102657675743103, 0.5180751830339432, 0.5164245218038559, 0.5237124264240265, 0.5175569951534271, 0.5096920430660248, 0.5003498047590256, 0.4916717857122421, 0.4899529963731766, 0.47877031564712524, 0.47712835669517517, 0.4832957237958908, 0.4817441701889038, 0.47349080443382263, 0.484435498714447, 0.49418865144252777, 0.4805755615234375, 0.4870712459087372, 0.48625896871089935], "val_accuracy": [0.671875, 0.703125, 0.671875, 0.734375, 0.71875, 0.703125, 0.703125, 0.703125, 0.71875, 0.703125, 0.71875, 0.6875, 0.765625, 0.78125, 0.75, 0.765625, 0.765625, 0.71875, 0.703125, 0.75, 0.75, 0.703125]}