{"train_loss": [0.5600630648600788, 0.5159005342771451, 0.4973145163954256, 0.48380859772237345, 0.4755581704477152, 0.4645778343986018, 0.45892202911285546, 0.45103200608358596, 0.44090150801328043], "val_loss": [0.49923284351825714, 0.5203845500946045, 0.4735422134399414, 0.4486428052186966, 0.49320755898952484, 0.5088818073272705, 0.46811453998088837, 0.4761641025543213, 0.46434977650642395], "val_accuracy": [0.78125, 0.734375, 0.8125, 0.859375, 0.8125, 0.796875, 0.828125, 0.859375, 0.859375]}