{"train_loss": [0.2949545658624972, 0.21323711527422212, 0.20191317187330593, 0.1942055874739211, 0.18880245232353576], "val_loss": [0.2118696007463667, 0.19966793486050197, 0.19099757903152043, 0.18631834028259156, 0.18267316903386796], "val_accuracy": [0.92064, 0.9246, 0.92706, 0.92818, 0.92922]}