{"train_loss": [8.647977484491305, 8.676916932907348, 8.672523961661343, 8.68290734824281, 8.68370607028754, 8.672923322683706], "val_loss": [8.589285714285714, 8.589285714285714, 8.589285714285714, 8.589285714285714, 8.589285714285714, 8.589285714285714], "val_accuracy": [0.9141, 0.9141, 0.9141, 0.9141, 0.9141, 0.9141]}