{"train_loss": [0.21550344173519756, 0.2046898260665016, 0.19857934569588864, 0.19264116431006229, 0.19127464527710558], "val_loss": [0.18720992713693588, 0.18676821911145772, 0.1833688063280923, 0.18195389636925288, 0.18277554781663985], "val_accuracy": [0.92532, 0.92828, 0.92642, 0.927, 0.92618]}