{"train_loss": [0.20189515408426048, 0.17567366190230885, 0.16860701315128765, 0.16370894181461762, 0.1596380644522536], "val_loss": [0.18265042867925432, 0.17088199134856935, 0.16878198087215424, 0.16615238170775157, 0.16481048128907644], "val_accuracy": [0.92742, 0.93218, 0.93338, 0.93408, 0.93466]}