{"train_loss": [0.2099704713391039, 0.19286934131631456, 0.185404600188755, 0.17957293292204032, 0.17666111196191928, 0.1755678681567454, 0.17218525881489244, 0.17207893426901996, 0.17160464161501143, 0.16642516810958757], "val_loss": [0.18207465206819867, 0.178687902670058, 0.17679977133160546, 0.17747958477527376, 0.17474741997226836, 0.17670812658847324, 0.1761022988292906, 0.17886663145489162, 0.1784324487523427, 0.17771032499888587], "val_accuracy": [0.93038, 0.93066, 0.93176, 0.92964, 0.93288, 0.93386, 0.93338, 0.93314, 0.93122, 0.9329]}