{"train_loss": [0.547789778762732, 0.34518919399561593, 0.0991786268774789, 0.04669336967554074, 0.05020758591907712, 0.03560833992234196, 0.02697744666453311], "val_loss": [0.48569463193416595, 0.40020665526390076, 0.7947934865951538, 0.4301392734050751, 0.7142544090747833, 0.9643931984901428, 0.6278262734413147], "val_accuracy": [0.78125, 0.84375, 0.78125, 0.859375, 0.84375, 0.796875, 0.84375]}