{"train_loss": [0.22535860333770227, 0.17938580171178325, 0.15837552138982108, 0.13825253473398402, 0.1150441413965469, 0.09277549351509005, 0.07247067019105338, 0.05857425502623422, 0.04688272582956206], "val_loss": [0.1768291410472658, 0.1694879661949854, 0.16539800947620756, 0.16460717079185305, 0.17306627995438045, 0.18100002041411778, 0.1988776877285942, 0.22255511676508283, 0.22831891216928996], "val_accuracy": [0.93188, 0.93466, 0.93624, 0.93658, 0.93588, 0.93488, 0.93536, 0.9351, 0.934]}