{"train_loss": [0.20736223611587914, 0.17772357184856463, 0.16158931785688613, 0.14722908345369484, 0.13496138276859596, 0.12393377935543609, 0.11565463335369341, 0.10735656031832909, 0.10077860813361768], "val_loss": [0.1801035295403193, 0.1716275792273264, 0.17311225689592816, 0.16807597710026634, 0.17295915385087332, 0.17455735708039904, 0.17553192140564086, 0.1818811891097871, 0.1848376336551848], "val_accuracy": [0.93068, 0.93354, 0.93622, 0.9356, 0.93554, 0.93572, 0.93656, 0.93502, 0.93596]}