{"train_loss": [0.1830667985228304, 0.14642057048912627, 0.12131457497327092, 0.09395823048088497, 0.07206136738054288, 0.05591205600946666, 0.04443443463014338], "val_loss": [0.15576306564940345, 0.15011000609587108, 0.15109238052178944, 0.16092066478634637, 0.1864872526318308, 0.2100819725365866, 0.21354102260536617], "val_accuracy": [0.94072, 0.94256, 0.94234, 0.94236, 0.94172, 0.94028, 0.94106]}