{"train_loss": [0.5843578523721177, 0.5433332007913925, 0.5274498998737944, 0.5170316711401406, 0.5056420418020254, 0.49828661326021434, 0.4882008720891544, 0.48347783145813134, 0.47328353661317796, 0.46914651118718775, 0.45868871634760605, 0.4516545863578114, 0.4493883459712751, 0.44057037688482303, 0.4333613035492242, 0.4245784732575615, 0.41811537456969483, 0.40687457469705574], "val_loss": [0.5553410351276398, 0.5535299181938171, 0.5129969120025635, 0.49430981278419495, 0.48775750398635864, 0.48126083612442017, 0.48580819368362427, 0.48868492245674133, 0.48266519606113434, 0.5019620209932327, 0.4627438485622406, 0.481191024184227, 0.462085098028183, 0.48824575543403625, 0.4823722094297409, 0.478067547082901, 0.5048064887523651, 0.4832504093647003], "val_accuracy": [0.671875, 0.6875, 0.71875, 0.71875, 0.75, 0.703125, 0.703125, 0.703125, 0.71875, 0.703125, 0.796875, 0.734375, 0.796875, 0.734375, 0.734375, 0.734375, 0.734375, 0.8125]}