{"train_loss": [0.2545185500440506, 0.19863954219764796, 0.18847691936614797, 0.1821450533720251, 0.17772726409922773], "val_loss": [0.20080893427606614, 0.1875697033745902, 0.18111542387614174, 0.1768303501700598, 0.17646210013873995], "val_accuracy": [0.92454, 0.92814, 0.92984, 0.93088, 0.93204]}