{"train_loss": [0.603344473023765, 0.5475651299991546, 0.5269245080673657, 0.5140042923890744, 0.507970245691915, 0.4968820803652937, 0.4924049246996736, 0.4834111552840224, 0.47901905106660275, 0.47352836373895885, 0.4755674913858834, 0.46763861398346507, 0.4650102128236058, 0.4593667417479018, 0.45808429716113275, 0.45557039500044555, 0.4513306710095451, 0.4467981009247204, 0.4470754685683753, 0.44222804423147877], "val_loss": [0.549054354429245, 0.523908719420433, 0.5145145952701569, 0.5070737600326538, 0.48943275213241577, 0.48921723663806915, 0.4803767204284668, 0.47794730961322784, 0.47733986377716064, 0.46755068004131317, 0.4707334637641907, 0.4636853039264679, 0.4664209336042404, 0.46924982964992523, 0.451846718788147, 0.455679252743721, 0.4549728035926819, 0.4586012661457062, 0.45323722064495087, 0.4682721644639969], "val_accuracy": [0.75, 0.734375, 0.71875, 0.734375, 0.78125, 0.734375, 0.8125, 0.828125, 0.78125, 0.84375, 0.828125, 0.84375, 0.828125, 0.8125, 0.875, 0.828125, 0.859375, 0.84375, 0.875, 0.828125]}