{"train_loss": [7.793554287403822, 8.1953125, 8.1953125, 8.1953125, 8.1953125], "val_loss": [8.589285714285714, 8.589285714285714, 8.589285714285714, 8.589285714285714, 8.589285714285714], "val_accuracy": [0.9141, 0.9141, 0.9141, 0.9141, 0.9141]}