{"train_loss": [0.2939110074561244, 0.21349946702250278, 0.2009956629607624, 0.1933102994300306, 0.18858009738663134, 0.18441701935122187, 0.18092986060598026, 0.17838855301991058, 0.1768399825492225, 0.174270445451188, 0.1725707218860285, 0.17126354344260578, 0.16937668797687983, 0.1681937966198205, 0.1662784340663459, 0.16545174377985275, 0.16405209863243012, 0.16337585799134197, 0.1618477520994104, 0.16075049255031365, 0.15984882447666254, 0.15881968625246906, 0.15806655404857173, 0.1570212821276805, 0.15623753282208794, 0.15523894714376035, 0.15451672111456385, 0.15355325816347956, 0.15254675516019614, 0.15189390077282444], "val_loss": [0.2109795572265746, 0.19823740375420404, 0.18947093992952316, 0.18460924663240946, 0.1815523368025583, 0.17890520512111605, 0.17762552178095256, 0.1749563276294678, 0.17416322467819093, 0.17287279381638482, 0.1718579147543226, 0.1705869176085033, 0.16992029855175625, 0.16902969351836614, 0.16841503457417564, 0.16794705651109182, 0.1673320070618675, 0.1669394662455907, 0.1665653974290878, 0.16628757710494693, 0.16556619178681148, 0.16611225146149833, 0.16574967829954057, 0.1650425550483522, 0.16465435756577385, 0.16500186896513377, 0.1646185926501713, 0.16453613435465192, 0.16440508597426945, 0.16365606668922636], "val_accuracy": [0.91916, 0.92526, 0.92742, 0.92908, 0.92988, 0.93052, 0.93046, 0.93144, 0.93256, 0.9329, 0.93316, 0.93334, 0.93362, 0.93386, 0.93428, 0.93404, 0.93422, 0.93434, 0.93478, 0.9349, 0.93504, 0.93468, 0.93478, 0.9348, 0.93454, 0.9349, 0.93504, 0.93528, 0.93548, 0.93524]}