{"train_loss": [0.20175124147829537, 0.1757141306948738, 0.1680860199962561, 0.1636715054083556, 0.15888628618309672, 0.15485129426843441, 0.15050837449943677, 0.1474141146951971, 0.14351136027909697, 0.14008576801409736, 0.1362053399649672, 0.13427309939465204], "val_loss": [0.1753389575178661, 0.16999048444013748, 0.16789302158923375, 0.1673818320508987, 0.16589044661275923, 0.16761546428241428, 0.16311355396395638, 0.1643515515422064, 0.16512133015526664, 0.16485907586794052, 0.169066561119897, 0.16780955344438553], "val_accuracy": [0.9308, 0.9323, 0.93442, 0.93408, 0.93426, 0.93482, 0.93642, 0.93594, 0.93494, 0.93592, 0.9364, 0.93414]}