{"train_loss": [0.2557364947403582, 0.2002154428737994, 0.1891613927321693, 0.1821576486856412, 0.17772612827844894], "val_loss": [0.20030324846979172, 0.18651563875258914, 0.18106594374255527, 0.1768830529754124, 0.17483818105288915], "val_accuracy": [0.92428, 0.92762, 0.9297, 0.93112, 0.93182]}