{"train_loss": [0.5823376029729843, 0.2877095341682434, 0.2345365397632122, 0.21017877012491226, 0.18563859164714813], "val_loss": [0.2784019634127617, 0.22847656905651093, 0.24620400182902813, 0.20472406595945358, 0.20130365807563066], "val_accuracy": [0.8967, 0.9172, 0.91548, 0.91992, 0.9221]}