{"train_loss": [0.2088533006727505, 0.16617646587256807, 0.13398978554497892, 0.09877964021108401, 0.07006236009252148, 0.05197341307497824, 0.03891191709215363, 0.03039053794793999], "val_loss": [0.16982333740544697, 0.15895220613668834, 0.1589447000906581, 0.1731147158240515, 0.20332828057663782, 0.2308386214195736, 0.23247447917385708, 0.26605599243489525], "val_accuracy": [0.9348, 0.93928, 0.9405, 0.93868, 0.93766, 0.93636, 0.93612, 0.93508]}