{"train_loss": [0.2121173271927209, 0.17968964269652535, 0.16971098979155477, 0.15957682356000327, 0.15088454912455318, 0.14153017272678808, 0.1327926661973944, 0.12297483676443466, 0.11630305870415304], "val_loss": [0.17898340499590312, 0.17016281163881694, 0.1697782441264107, 0.16559496711170862, 0.1673338134137411, 0.16850461325948202, 0.17362748133757758, 0.18022504094101133, 0.17982171877982125], "val_accuracy": [0.93032, 0.93486, 0.93416, 0.93496, 0.93708, 0.93582, 0.9355, 0.93612, 0.93772]}