{"train_loss": [0.5742084751494776, 0.5332608432434618, 0.5212964343186766, 0.5018259559195644, 0.48793282333654336, 0.4738657349786058, 0.45663739007692367, 0.4537303462005652, 0.42823926038064136, 0.41695532236045924, 0.39395911972553205, 0.3846128333966953, 0.35974737806632495], "val_loss": [0.5504086911678314, 0.5216216593980789, 0.5116330683231354, 0.5209144353866577, 0.49667055904865265, 0.5069312155246735, 0.5147612690925598, 0.4943144619464874, 0.49849946796894073, 0.5019213706254959, 0.5372680127620697, 0.512839674949646, 0.5570657551288605], "val_accuracy": [0.65625, 0.703125, 0.71875, 0.734375, 0.75, 0.71875, 0.796875, 0.765625, 0.734375, 0.8125, 0.75, 0.78125, 0.8125]}