{"train_loss": [0.21863721825253848, 0.19780070736956673, 0.18953890222520492, 0.18540208260662638, 0.1801714709105964, 0.17443925875444383, 0.1707035423086855, 0.16600895856325618, 0.16183931344804672, 0.15677933870984342], "val_loss": [0.19519893375654068, 0.18709043212353238, 0.18893803679753865, 0.19295208298024677, 0.17711635974664536, 0.1775435892835496, 0.17766677481787546, 0.17764971771883586, 0.17987912183716184, 0.1800491719964951], "val_accuracy": [0.92442, 0.9255, 0.92662, 0.92662, 0.9307, 0.93114, 0.93152, 0.931, 0.93046, 0.93056]}