{"train_loss": [0.6474394798278809, 0.5738711655139923], "val_loss": [0.6911585032939911, 0.6944491267204285], "val_accuracy": [0.59375, 0.59375]}