{"train_loss": [0.6554886102676392, 0.5721269845962524], "val_loss": [0.6877987682819366, 0.6656322181224823], "val_accuracy": [0.59375, 0.59375]}