{"train_loss": [0.21663387019794209, 0.20267642844027986, 0.19609886245986524, 0.19220365712437004, 0.18841539432827276], "val_loss": [0.19580914907985264, 0.18500289060766734, 0.1837148479526005, 0.1820845916157677, 0.1807392407504339], "val_accuracy": [0.9207, 0.92836, 0.92568, 0.9287, 0.92902]}