{"train_loss": [8.657963558507804, 8.688099041533546, 8.68370607028754, 8.686102236421725, 8.838018577319746, 8.886581469648561], "val_loss": [8.589285714285714, 8.589285714285714, 8.589285714285714, 8.589285714285714, 8.755952380952381, 8.755952380952381], "val_accuracy": [0.9141, 0.9141, 0.9141, 0.9141, 0.91238, 0.91238]}