{"train_loss": [0.22133753203545897, 0.1730985889752833, 0.14515591308046072, 0.11179260781016974, 0.07859610305569423, 0.05308754529696874, 0.038281949106068275, 0.02964260356988722], "val_loss": [0.17038880170337736, 0.15954727076348804, 0.15830726141021365, 0.1631777493490113, 0.1905599707175815, 0.20569678809907702, 0.24933985916395035, 0.2527574404837593], "val_accuracy": [0.93464, 0.93866, 0.93968, 0.93846, 0.93796, 0.93706, 0.93478, 0.93704]}