{"train_loss": [0.5632281361486965, 0.5185538523684675, 0.4994953563228583, 0.48752919220315, 0.4760697066022184, 0.46581006835634337, 0.46406832989602803, 0.45250551864361993, 0.442968004618209, 0.4152183243737053, 0.4037283904160174, 0.3996523957663832, 0.3900575644006363, 0.3866361471029897, 0.3825007459511772, 0.36600040894346875, 0.36083556983036735, 0.3540926839406498, 0.3592806053809084, 0.3488692048068245, 0.35191853577717425, 0.3506066477336823, 0.35081488384415926, 0.34778329396781066, 0.34658137306618614, 0.34342868016741146, 0.3463687956237945, 0.3428091916698998, 0.34588093993762814, 0.3457685582839643, 0.3449741487209789, 0.34457021865981835, 0.3412825190030729, 0.3457114861224787, 0.3433206278009537, 0.3410173499355682, 0.34647472426533316, 0.34336087793207015, 0.33809863583158, 0.34055078491425744, 0.3420297604399367, 0.3424674354898282, 0.3424458645593625, 0.3425626385802278, 0.3414770680875443, 0.3434918181488689, 0.34210930883694, 0.3414863209945325, 0.34628452189242875, 0.3438730546936821], "val_loss": [0.5370718538761139, 0.5183608680963516, 0.4797521382570267, 0.48953336477279663, 0.46932315826416016, 0.511673629283905, 0.4782557040452957, 0.5211972892284393, 0.4709000885486603, 0.46828635036945343, 0.4596392661333084, 0.47450631856918335, 0.47211237251758575, 0.48246167600154877, 0.4690466970205307, 0.48209650814533234, 0.4871560037136078, 0.4840063005685806, 0.48869073390960693, 0.5004571676254272, 0.49712274968624115, 0.5011973083019257, 0.4984126091003418, 0.4945361912250519, 0.49993062019348145, 0.49000199139118195, 0.4985787272453308, 0.4914899468421936, 0.5101413726806641, 0.49168214201927185, 0.4958878457546234, 0.5042350441217422, 0.48803260922431946, 0.4939623475074768, 0.5141026079654694, 0.4988296926021576, 0.50068199634552, 0.47929854691028595, 0.4973401129245758, 0.502725213766098, 0.5027326196432114, 0.4871719181537628, 0.4913574606180191, 0.5066494643688202, 0.4996037185192108, 0.5181224346160889, 0.4854634553194046, 0.49988406896591187, 0.49124687910079956, 0.4997280389070511], "val_accuracy": [0.671875, 0.671875, 0.796875, 0.859375, 0.84375, 0.765625, 0.8125, 0.734375, 0.84375, 0.859375, 0.84375, 0.84375, 0.84375, 0.84375, 0.84375, 0.828125, 0.8125, 0.84375, 0.859375, 0.84375, 0.84375, 0.828125, 0.8125, 0.828125, 0.84375, 0.828125, 0.828125, 0.828125, 0.828125, 0.828125, 0.828125, 0.84375, 0.828125, 0.828125, 0.828125, 0.828125, 0.84375, 0.84375, 0.828125, 0.828125, 0.828125, 0.84375, 0.828125, 0.828125, 0.84375, 0.8125, 0.828125, 0.828125, 0.84375, 0.828125]}