{"train_loss": [0.2145109422290668, 0.1734180341418178, 0.1512674766179091, 0.12792330151929643, 0.10384236448727095, 0.08268297770724128, 0.06644251461798391, 0.05323061472572648], "val_loss": [0.17408461017268045, 0.16942722622364287, 0.16288275922101642, 0.166334715864015, 0.17723825171826377, 0.18988692937862306, 0.21351312739508493, 0.21781704066291688], "val_accuracy": [0.93284, 0.93458, 0.9361, 0.9354, 0.93134, 0.93384, 0.93368, 0.93352]}