{"train_loss": [0.2092533037780573, 0.17866634922667432, 0.17101471811628188, 0.16543691729109128, 0.16125942704776605], "val_loss": [0.17905642376059577, 0.17329993134453184, 0.16926332456724985, 0.16700453370336502, 0.1701358069503118], "val_accuracy": [0.93032, 0.93312, 0.93284, 0.93366, 0.93244]}