{"train_loss": [0.6596822142601013, 0.5763829946517944], "val_loss": [0.6988280415534973, 0.6810033619403839], "val_accuracy": [0.59375, 0.59375]}