{"train_loss": [0.6966557502746582, 0.537253350019455, 0.31783974170684814, 0.32864803075790405, 0.25668634474277496], "val_loss": [0.26705335453152657, 0.27099209278821945, 0.25355957075953484, 0.2419670782983303, 0.23622163385152817], "val_accuracy": [0.91564, 0.87756, 0.91438, 0.91624, 0.91386]}