{"train_loss": [0.25461795012029215, 0.2001334009364771, 0.1894573468369798, 0.18223611401102413, 0.17859904734661786, 0.17508397801234699, 0.17158230763083449, 0.16922387485496534, 0.16718788235522689, 0.16464326478326663, 0.16316586037794242, 0.16144475802636374, 0.15935095606710964, 0.1586392811550119, 0.1562606845610439, 0.15512583997493354, 0.15361330510614019, 0.15161664898212726, 0.15081969255837388, 0.14964480417224166, 0.14822152240302996, 0.14716266188472985, 0.14593960125796712, 0.14444342165138013, 0.14291609057222313], "val_loss": [0.19935923034236544, 0.18683566768018026, 0.17997509477630494, 0.17708254688315922, 0.17404344323135557, 0.1731546629988958, 0.1706011931574534, 0.16895179876259395, 0.16837410605142986, 0.1671797384818395, 0.16710009863452305, 0.1658445710227603, 0.16525743901729584, 0.16493507746666197, 0.16462050945985884, 0.16542907981645494, 0.16394902529224517, 0.16361071311292194, 0.16353767980185765, 0.16305516648387153, 0.16339601517196686, 0.16331161109227982, 0.16328295355751402, 0.1632696854926291, 0.16323286673379322], "val_accuracy": [0.92508, 0.92788, 0.92934, 0.9302, 0.93228, 0.93284, 0.93252, 0.93376, 0.9334, 0.9338, 0.9341, 0.93436, 0.93418, 0.93496, 0.93478, 0.93526, 0.93492, 0.93564, 0.93524, 0.9355, 0.93558, 0.93536, 0.93556, 0.93512, 0.9353]}