{"train_loss": [0.6571708917617798, 0.618090808391571], "val_loss": [0.6724854111671448, 0.6596020758152008], "val_accuracy": [0.59375, 0.59375]}