{"train_loss": [0.5567077919840813, 0.28161439299583435, 0.22198503091931343, 0.20195601508021355, 0.17684241384267807], "val_loss": [0.23143380042165518, 0.22430703602731228, 0.24269661493599415, 0.20055537391453981, 0.19911838974803686], "val_accuracy": [0.91434, 0.91392, 0.92176, 0.92222, 0.92298]}