{"train_loss": [6.3771684765815735, 8.1953125, 8.1953125, 8.1953125, 8.1953125], "val_loss": [8.580859422683716, 8.580859422683716, 8.580859422683716, 8.580859422683716, 8.580859422683716], "val_accuracy": [0.9141, 0.9141, 0.9141, 0.9141, 0.9141]}